{"stats":{"minecraft:killed_by":{"minecraft:skeleton":1},"minecraft:killed":{"minecraft:skeleton":1,"minecraft:drowned":1,"minecraft:pig":1,"minecraft:sheep":1,"minecraft:trader_llama":2},"minecraft:custom":{"minecraft:mob_kills":6,"minecraft:interact_with_crafting_table":11,"minecraft:open_barrel":3,"minecraft:leave_game":2,"minecraft:time_since_death":26942,"minecraft:climb_one_cm":2546,"minecraft:sprint_one_cm":214984,"minecraft:walk_one_cm":103883,"minecraft:damage_blocked_by_shield":60,"minecraft:drop":25,"minecraft:talked_to_villager":2,"minecraft:play_time":67574,"minecraft:deaths":2,"minecraft:sneak_time":1712,"minecraft:walk_under_water_one_cm":2809,"minecraft:jump":1241,"minecraft:walk_on_water_one_cm":7726,"minecraft:total_world_time":67574,"minecraft:interact_with_cartography_table":1,"minecraft:sleep_in_bed":1,"minecraft:time_since_rest":14702,"minecraft:damage_taken":685,"minecraft:damage_dealt":1478,"minecraft:swim_one_cm":49111,"minecraft:fly_one_cm":296863,"minecraft:open_chest":19,"minecraft:crouch_one_cm":3433,"minecraft:fall_one_cm":40021},"minecraft:dropped":{"minecraft:iron_ingot":2,"minecraft:wheat_seeds":131,"minecraft:orange_tulip":1,"minecraft:jungle_planks":19,"minecraft:saddle":2,"minecraft:wooden_axe":1,"minecraft:jungle_sapling":1,"minecraft:sand":7,"minecraft:white_wool":1,"minecraft:bone":1,"minecraft:pink_tulip":1,"minecraft:sugar_cane":2,"minecraft:birch_sapling":3,"minecraft:rotten_flesh":19,"minecraft:spruce_trapdoor":1,"minecraft:jungle_log":1,"ecologics:coconut_husk":1,"minecraft:oak_sapling":19,"minecraft:spider_eye":1,"minecraft:wooden_pickaxe":1},"minecraft:used":{"minecraft:moss_block":1,"minecraft:chest":2,"minecraft:shield":1,"minecraft:mutton":1,"minecraft:jungle_planks":4,"minecraft:carrot":2,"ecologics:coconut_door":2,"minecraft:wooden_axe":28,"minecraft:lantern":1,"minecraft:hay_block":2,"ecologics:coconut_seedling":2,"minecraft:stone_pickaxe":11,"minecraft:oak_planks":42,"minecraft:wooden_pickaxe":24,"minecraft:sandstone":2,"minecraft:green_bed":1,"farmersdelight:onion":4,"minecraft:crafting_table":7,"minecraft:apple":1,"minecraft:bread":5,"minecraft:stone_axe":94,"ecologics:coconut_slice":14,"minecraft:cobblestone":1,"minecraft:porkchop":2,"minecraft:yellow_bed":1,"minecraft:experience_bottle":1},"minecraft:crafted":{"minecraft:oak_planks":164,"minecraft:coal":72,"ecologics:coconut_door":3,"minecraft:stone_pickaxe":1,"minecraft:crafting_table":5,"minecraft:wooden_pickaxe":1,"minecraft:birch_planks":24,"minecraft:stone_axe":1,"minecraft:bread":44,"minecraft:jungle_planks":20,"minecraft:shield":2,"minecraft:stick":4,"minecraft:wooden_axe":1},"minecraft:mined":{"minecraft:dark_oak_planks":3,"minecraft:jungle_slab":1,"minecraft:jungle_leaves":1,"minecraft:glow_lichen":3,"minecraft:spruce_trapdoor":1,"minecraft:jungle_planks":2,"minecraft:jungle_log":1,"minecraft:coal_block":8,"ecologics:coconut_log":1,"minecraft:moss_block":1,"minecraft:sandstone":18,"minecraft:large_fern":2,"minecraft:hay_block":2,"minecraft:carrots":1,"treechop:chopped_log":9,"minecraft:dark_oak_stairs":1,"minecraft:bookshelf":1,"minecraft:potatoes":2,"minecraft:cave_vines":1,"minecraft:pink_tulip":1,"minecraft:stone":7,"minecraft:green_bed":1,"minecraft:hanging_roots":10,"minecraft:crafting_table":3,"minecraft:jungle_stairs":1,"minecraft:poppy":1,"minecraft:chest":2,"minecraft:campfire":12,"biomesoplenty:sprout":5,"biomesoplenty:huge_clover_petal":17,"minecraft:oak_planks":5,"minecraft:skeleton_skull":1,"minecraft:birch_log":1,"minecraft:wheat":135,"minecraft:birch_leaves":4,"minecraft:tnt":5,"minecraft:orange_tulip":1,"minecraft:yellow_bed":1,"minecraft:grass":1,"biomesoplenty:clover":9,"minecraft:oak_log":2,"minecraft:cocoa":1,"minecraft:sand":5,"ecologics:coconut_seedling":2,"minecraft:oak_leaves":2,"minecraft:fern":2},"minecraft:picked_up":{"minecraft:wooden_axe":1,"minecraft:cocoa_beans":15,"minecraft:charcoal":24,"minecraft:crafting_table":3,"minecraft:wheat":134,"minecraft:azure_bluet":2,"minecraft:lead":4,"minecraft:wooden_pickaxe":1,"minecraft:experience_bottle":1,"minecraft:jungle_sapling":2,"minecraft:iron_nugget":18,"minecraft:poppy":1,"minecraft:coal_block":8,"biomesoplenty:redwood_wood":84,"minecraft:sugar_cane":2,"minecraft:chest":2,"minecraft:birch_sapling":6,"minecraft:spruce_trapdoor":1,"minecraft:stick":30,"minecraft:sandstone":34,"ecologics:coconut_slice":14,"ecologics:coconut_seedling":2,"minecraft:green_bed":1,"minecraft:porkchop":2,"minecraft:carrot":1,"minecraft:iron_horse_armor":1,"minecraft:dark_oak_planks":9,"minecraft:tnt":5,"minecraft:arrow":4,"minecraft:rotten_flesh":19,"minecraft:jungle_stairs":2,"farmersdelight:onion":2,"ecologics:coconut_log":10,"minecraft:hay_block":2,"minecraft:pink_tulip":1,"minecraft:saddle":2,"minecraft:gold_ingot":2,"biomesoplenty:redwood_sapling":27,"minecraft:mutton":2,"minecraft:skeleton_skull":1,"minecraft:cobblestone":13,"minecraft:white_wool":2,"minecraft:birch_log":6,"minecraft:jungle_log":6,"ecologics:coconut_planks":38,"minecraft:leather":9,"minecraft:potato":2,"minecraft:birch_planks":12,"minecraft:oak_log":53,"minecraft:yellow_bed":1,"minecraft:lapis_lazuli":10,"minecraft:dirt":8,"minecraft:lantern":3,"minecraft:bone":1,"minecraft:apple":1,"minecraft:bow":2,"minecraft:wheat_seeds":252,"minecraft:orange_tulip":1,"minecraft:iron_ingot":12,"minecraft:stone_pickaxe":2,"minecraft:moss_block":1,"minecraft:oak_planks":252,"minecraft:dark_oak_stairs":2,"minecraft:book":3,"minecraft:jungle_planks":21,"minecraft:sand":14,"ecologics:coconut_husk":7,"minecraft:jungle_slab":1,"minecraft:spider_eye":3,"minecraft:stone_axe":2,"minecraft:golden_horse_armor":1,"minecraft:emerald":9,"minecraft:oak_sapling":37}},"DataVersion":3465}