{"stats":{"minecraft:killed_by":{"minecraft:skeleton":1,"minecraft:pillager":1},"minecraft:killed":{"minecraft:spider":3,"minecraft:pillager":3},"minecraft:custom":{"minecraft:interact_with_furnace":4,"minecraft:mob_kills":6,"minecraft:interact_with_crafting_table":16,"minecraft:leave_game":2,"minecraft:time_since_death":796,"minecraft:sleep_in_bed":3,"minecraft:climb_one_cm":428,"minecraft:time_since_rest":822,"minecraft:sprint_one_cm":108847,"minecraft:damage_taken":865,"minecraft:walk_one_cm":396823,"minecraft:drop":16,"minecraft:damage_dealt":1081,"minecraft:talked_to_villager":1,"minecraft:fly_one_cm":179289,"minecraft:open_chest":15,"minecraft:crouch_one_cm":73395,"minecraft:play_time":96857,"minecraft:deaths":2,"minecraft:sneak_time":20340,"minecraft:walk_under_water_one_cm":333,"minecraft:boat_one_cm":33210,"minecraft:jump":939,"minecraft:walk_on_water_one_cm":11624,"minecraft:total_world_time":96857,"minecraft:fall_one_cm":15039},"minecraft:dropped":{"minecraft:iron_ingot":1,"minecraft:cocoa_beans":6,"minecraft:cobblestone":7,"minecraft:dirt":12,"minecraft:andesite":9,"ecologics:coconut_husk":8,"minecraft:spider_eye":1,"minecraft:dark_oak_planks":3},"minecraft:used":{"minecraft:stone_sword":7,"biomesoplenty:redwood_door":4,"biomesoplenty:redwood_planks":20,"minecraft:stone_shovel":315,"minecraft:stone_pickaxe":776,"minecraft:chest":6,"minecraft:wooden_pickaxe":59,"ecologics:coconut_planks":6,"minecraft:rotten_flesh":2,"minecraft:jungle_boat":2,"minecraft:torch":29,"minecraft:crafting_table":8,"minecraft:white_bed":2,"minecraft:apple":2,"minecraft:lantern":1,"biomesoplenty:redwood_wood":1,"minecraft:bread":1,"minecraft:birch_sapling":2,"minecraft:stone_axe":125,"ecologics:coconut_slice":16,"minecraft:cobblestone":359,"minecraft:oak_sapling":8,"minecraft:furnace":1,"ecologics:coconut_seedling":7},"minecraft:broken":{"minecraft:stone_pickaxe":5,"minecraft:stone_axe":1,"minecraft:stone_shovel":2,"minecraft:wooden_pickaxe":1},"minecraft:crafted":{"minecraft:oak_planks":20,"minecraft:stone_shovel":3,"biomesoplenty:redwood_door":3,"minecraft:crafting_table":2,"ecologics:coconut_planks":180,"minecraft:jungle_boat":2,"biomesoplenty:redwood_planks":252,"minecraft:wooden_pickaxe":1,"minecraft:furnace":1,"minecraft:stone_axe":1,"minecraft:bread":9,"minecraft:air":0,"minecraft:jungle_planks":64,"minecraft:charcoal":7,"minecraft:stick":68,"minecraft:stone_pickaxe":6,"minecraft:chest":5,"minecraft:stone_sword":1,"minecraft:torch":28,"minecraft:wheat":27},"minecraft:mined":{"minecraft:white_bed":4,"minecraft:crafting_table":6,"minecraft:torch":2,"minecraft:grass_block":288,"minecraft:chest":1,"minecraft:jungle_log":15,"minecraft:cobblestone":26,"biomesoplenty:huge_clover_petal":140,"minecraft:sandstone":2,"minecraft:wall_torch":4,"minecraft:hay_block":3,"minecraft:furnace":1,"minecraft:iron_ore":11,"minecraft:andesite":9,"treechop:chopped_log":13,"minecraft:azure_bluet":25,"biomesoplenty:redwood_door":2,"biomesoplenty:clover":70,"minecraft:grass":26,"minecraft:coal_ore":104,"minecraft:oak_log":6,"minecraft:vine":2,"minecraft:dirt":30,"minecraft:sand":3,"minecraft:stone":614},"minecraft:picked_up":{"minecraft:cocoa_beans":6,"minecraft:crafting_table":7,"minecraft:jungle_boat":1,"minecraft:azure_bluet":31,"ecologics:coconut_planks":150,"minecraft:jungle_log":16,"minecraft:andesite":9,"biomesoplenty:redwood_door":4,"minecraft:oak_log":90,"minecraft:dirt":624,"minecraft:lantern":1,"minecraft:white_banner":2,"minecraft:apple":4,"minecraft:wheat_seeds":10,"minecraft:iron_ingot":1,"minecraft:stone_pickaxe":2,"biomesoplenty:redwood_wood":64,"minecraft:chest":1,"minecraft:birch_sapling":2,"minecraft:furnace":2,"minecraft:stick":45,"minecraft:raw_iron":11,"minecraft:sandstone":17,"ecologics:coconut_slice":16,"minecraft:torch":38,"ecologics:coconut_seedling":7,"minecraft:jungle_planks":57,"minecraft:sand":3,"ecologics:coconut_husk":12,"minecraft:white_bed":4,"minecraft:stone_sword":1,"biomesoplenty:redwood_planks":226,"minecraft:spider_eye":1,"minecraft:dark_oak_planks":3,"biomesoplenty:maple_sapling":22,"minecraft:stone_shovel":1,"minecraft:rotten_flesh":2,"minecraft:stone_axe":3,"minecraft:hay_block":3,"ecologics:coconut_log":45,"minecraft:bread":15,"minecraft:emerald":2,"minecraft:oak_sapling":10,"minecraft:coal":104,"minecraft:cobblestone":933}},"DataVersion":3465}