{"stats":{"minecraft:crafted":{"minecraft:crafting_table":2,"ecologics:coconut_planks":84,"biomesoplenty:redwood_planks":92,"minecraft:stone_axe":1,"minecraft:bread":7,"minecraft:shield":1,"minecraft:stick":16,"minecraft:stone_pickaxe":1,"ecologics:coconut_fence":3,"minecraft:dark_oak_planks":4,"minecraft:torch":12},"minecraft:picked_up":{"minecraft:crafting_table":3,"minecraft:wheat":61,"minecraft:leather":3,"minecraft:lead":2,"minecraft:potato":4,"minecraft:birch_planks":4,"minecraft:oak_log":17,"minecraft:lapis_lazuli":5,"minecraft:dirt":18,"minecraft:experience_bottle":2,"minecraft:bone":1,"minecraft:apple":3,"minecraft:bow":2,"minecraft:wheat_seeds":40,"minecraft:iron_ingot":5,"minecraft:stone_pickaxe":2,"minecraft:iron_nugget":9,"minecraft:iron_pickaxe":1,"biomesoplenty:redwood_wood":23,"minecraft:oak_planks":120,"minecraft:dark_oak_stairs":1,"minecraft:stick":18,"minecraft:sandstone":3,"minecraft:sweet_berries":3,"ecologics:coconut_slice":16,"minecraft:oak_fence":2,"minecraft:torch":2,"ecologics:coconut_seedling":4,"minecraft:jungle_planks":24,"ecologics:coconut_husk":5,"minecraft:spruce_sapling":5,"minecraft:spruce_log":7,"minecraft:dark_oak_log":1,"minecraft:spider_eye":1,"minecraft:dark_oak_planks":3,"minecraft:arrow":2,"ecologics:coconut_fence":1,"minecraft:stone_axe":1,"minecraft:hay_block":1,"ecologics:coconut_log":21,"minecraft:emerald":10,"biomesoplenty:redwood_sapling":14,"minecraft:oak_sapling":7,"minecraft:coal":3,"minecraft:cobblestone":27},"minecraft:killed_by":{"minecraft:spider":1},"minecraft:killed":{"minecraft:skeleton":1},"minecraft:custom":{"minecraft:interact_with_furnace":3,"minecraft:mob_kills":1,"minecraft:interact_with_crafting_table":16,"minecraft:leave_game":4,"minecraft:time_since_death":60307,"minecraft:sleep_in_bed":3,"minecraft:climb_one_cm":154,"minecraft:time_since_rest":10617,"minecraft:sprint_one_cm":247047,"minecraft:damage_taken":750,"minecraft:walk_one_cm":193515,"minecraft:damage_blocked_by_shield":120,"minecraft:drop":35,"minecraft:damage_dealt":363,"minecraft:swim_one_cm":30484,"minecraft:talked_to_villager":17,"minecraft:fly_one_cm":228329,"minecraft:open_chest":15,"minecraft:crouch_one_cm":4088,"minecraft:play_time":78406,"minecraft:deaths":1,"minecraft:sneak_time":1365,"minecraft:walk_under_water_one_cm":1404,"minecraft:jump":1086,"minecraft:walk_on_water_one_cm":2049,"minecraft:total_world_time":78406,"minecraft:fall_one_cm":24732,"minecraft:horse_one_cm":95084},"minecraft:dropped":{"minecraft:iron_ingot":4,"minecraft:stone_axe":1,"ecologics:coconut_planks":38,"minecraft:birch_planks":4,"minecraft:dark_oak_stairs":1,"minecraft:wheat_seeds":3,"minecraft:lapis_lazuli":5,"minecraft:iron_nugget":9,"minecraft:oak_log":6,"biomesoplenty:redwood_sapling":14,"ecologics:coconut_slice":2,"minecraft:wheat":2,"minecraft:cobblestone":6,"minecraft:oak_planks":120,"minecraft:leather":3,"minecraft:jungle_planks":19,"minecraft:stick":11,"minecraft:dirt":8,"ecologics:coconut_husk":19,"minecraft:oak_sapling":1,"minecraft:spider_eye":1,"minecraft:arrow":2,"minecraft:bow":1,"minecraft:stone_pickaxe":1,"minecraft:dark_oak_planks":3},"minecraft:used":{"minecraft:wheat_seeds":26,"minecraft:oak_fence":2,"minecraft:stone_pickaxe":24,"minecraft:shield":2,"minecraft:sandstone":3,"ecologics:coconut_fence":4,"minecraft:torch":4,"minecraft:dirt":10,"minecraft:crafting_table":4,"minecraft:apple":1,"minecraft:bread":13,"minecraft:iron_pickaxe":1,"minecraft:stone_axe":53,"ecologics:coconut_slice":14,"minecraft:cobblestone":1,"ecologics:coconut_seedling":4,"minecraft:potato":23},"minecraft:mined":{"minecraft:jungle_leaves":1,"minecraft:dark_oak_log":1,"minecraft:oak_fence":2,"minecraft:crafting_table":2,"minecraft:grass_block":1,"minecraft:jungle_planks":1,"biomesoplenty:high_grass_plant":3,"minecraft:tall_grass":12,"minecraft:spruce_leaves":8,"ecologics:coconut_log":1,"biomesoplenty:sprout":9,"biomesoplenty:huge_clover_petal":16,"minecraft:sandstone":3,"minecraft:wall_torch":2,"minecraft:hay_block":1,"minecraft:sweet_berry_bush":1,"minecraft:wheat":15,"biomesoplenty:maple_leaves":2,"treechop:chopped_log":3,"minecraft:oak_log":10,"minecraft:grass":37,"biomesoplenty:clover":44,"minecraft:coal_ore":3,"biomesoplenty:redwood_leaves":6,"minecraft:sand":2,"diagonalfences:ecologics/coconut_fence":1,"minecraft:stone":16,"minecraft:oak_leaves":20,"minecraft:fern":1}},"DataVersion":3465}