{"stats":{"minecraft:killed_by":{"minecraft:spider":1},"minecraft:custom":{"minecraft:interact_with_furnace":1,"minecraft:interact_with_crafting_table":15,"minecraft:leave_game":2,"minecraft:time_since_death":31776,"minecraft:sleep_in_bed":1,"minecraft:climb_one_cm":0,"minecraft:time_since_rest":2070,"minecraft:sprint_one_cm":182138,"minecraft:damage_taken":610,"minecraft:walk_one_cm":110471,"minecraft:drop":35,"minecraft:damage_dealt":163,"minecraft:swim_one_cm":30484,"minecraft:talked_to_villager":4,"minecraft:fly_one_cm":147616,"minecraft:open_chest":7,"minecraft:crouch_one_cm":1163,"minecraft:play_time":49875,"minecraft:deaths":1,"minecraft:sneak_time":496,"minecraft:walk_under_water_one_cm":1404,"minecraft:jump":708,"minecraft:walk_on_water_one_cm":2049,"minecraft:total_world_time":49875,"minecraft:fall_one_cm":16267},"minecraft:dropped":{"minecraft:iron_ingot":4,"minecraft:stone_axe":1,"ecologics:coconut_planks":38,"minecraft:birch_planks":4,"minecraft:dark_oak_stairs":1,"minecraft:wheat_seeds":3,"minecraft:lapis_lazuli":5,"minecraft:iron_nugget":9,"minecraft:oak_log":6,"biomesoplenty:redwood_sapling":14,"ecologics:coconut_slice":2,"minecraft:wheat":2,"minecraft:cobblestone":6,"minecraft:oak_planks":120,"minecraft:leather":3,"minecraft:jungle_planks":19,"minecraft:stick":11,"minecraft:dirt":8,"minecraft:oak_sapling":1,"ecologics:coconut_husk":19,"minecraft:spider_eye":1,"minecraft:bow":1,"minecraft:arrow":2,"minecraft:stone_pickaxe":1,"minecraft:dark_oak_planks":3},"minecraft:used":{"minecraft:stone_pickaxe":11,"minecraft:sandstone":3,"minecraft:dirt":9,"minecraft:crafting_table":3,"minecraft:apple":1,"minecraft:bread":8,"minecraft:stone_axe":20,"ecologics:coconut_slice":14,"minecraft:cobblestone":1,"ecologics:coconut_seedling":4},"minecraft:crafted":{"minecraft:crafting_table":2,"ecologics:coconut_planks":44,"minecraft:stone_axe":1,"minecraft:bread":7,"minecraft:shield":1,"minecraft:stick":4,"minecraft:stone_pickaxe":1,"minecraft:dark_oak_planks":4},"minecraft:mined":{"minecraft:jungle_leaves":1,"minecraft:dark_oak_log":1,"minecraft:crafting_table":2,"minecraft:jungle_planks":1,"ecologics:coconut_log":1,"biomesoplenty:sprout":8,"minecraft:sandstone":3,"treechop:chopped_log":2,"minecraft:grass":4,"biomesoplenty:redwood_leaves":6,"minecraft:sand":2,"minecraft:stone":6,"minecraft:oak_leaves":5},"minecraft:picked_up":{"minecraft:crafting_table":3,"minecraft:wheat":46,"minecraft:leather":3,"minecraft:lead":2,"minecraft:potato":4,"minecraft:birch_planks":4,"minecraft:oak_log":7,"minecraft:lapis_lazuli":5,"minecraft:dirt":17,"minecraft:apple":2,"minecraft:bow":1,"minecraft:wheat_seeds":3,"minecraft:iron_ingot":5,"minecraft:stone_pickaxe":2,"minecraft:iron_nugget":9,"minecraft:iron_pickaxe":1,"biomesoplenty:redwood_wood":23,"minecraft:oak_planks":120,"minecraft:dark_oak_stairs":1,"minecraft:stick":13,"minecraft:sandstone":3,"ecologics:coconut_slice":16,"ecologics:coconut_seedling":4,"minecraft:jungle_planks":24,"ecologics:coconut_husk":5,"minecraft:dark_oak_log":1,"minecraft:spider_eye":1,"minecraft:dark_oak_planks":3,"minecraft:arrow":2,"minecraft:stone_axe":1,"ecologics:coconut_log":21,"minecraft:emerald":10,"biomesoplenty:redwood_sapling":14,"minecraft:oak_sapling":2,"minecraft:cobblestone":17}},"DataVersion":3465}