{"stats":{"minecraft:killed":{"naturalist:snail":3,"minecraft:sheep":4,"ecologics:coconut_crab":1,"minecraft:cow":2},"minecraft:custom":{"minecraft:mob_kills":10,"minecraft:interact_with_crafting_table":4,"minecraft:leave_game":1,"minecraft:time_since_death":27944,"minecraft:sleep_in_bed":2,"minecraft:climb_one_cm":3528,"minecraft:time_since_rest":12492,"minecraft:sprint_one_cm":77563,"minecraft:damage_taken":20,"minecraft:walk_one_cm":26696,"minecraft:drop":21,"minecraft:damage_dealt":679,"minecraft:swim_one_cm":6641,"minecraft:talked_to_villager":13,"minecraft:fly_one_cm":78359,"minecraft:open_chest":13,"minecraft:crouch_one_cm":5673,"minecraft:play_time":27944,"minecraft:sneak_time":2165,"minecraft:walk_under_water_one_cm":663,"minecraft:boat_one_cm":38340,"minecraft:jump":379,"minecraft:interact_with_blast_furnace":1,"minecraft:walk_on_water_one_cm":2240,"minecraft:total_world_time":27944,"minecraft:fall_one_cm":5887},"minecraft:dropped":{"minecraft:sweet_berries":3,"minecraft:wheat_seeds":1,"minecraft:stone_sword":1,"minecraft:cobblestone_wall":2,"biomesoplenty:redwood_sapling":6,"minecraft:raw_iron":2,"minecraft:rotten_flesh":1,"minecraft:oak_planks":1,"minecraft:leather":3,"minecraft:spruce_door":2,"minecraft:coal":3,"minecraft:red_carpet":2,"minecraft:polished_andesite":2,"minecraft:cobblestone_slab":4,"minecraft:andesite":4,"minecraft:slime_ball":1},"minecraft:broken":{"minecraft:wooden_axe":1},"minecraft:used":{"minecraft:stone_sword":64,"minecraft:stone_pickaxe":72,"minecraft:oak_planks":13,"minecraft:chest":3,"minecraft:wooden_pickaxe":17,"minecraft:chainmail_helmet":1,"minecraft:white_wool":5,"minecraft:torch":2,"minecraft:crafting_table":2,"minecraft:chainmail_chestplate":1,"minecraft:wooden_axe":59,"minecraft:lantern":2,"ecologics:coconut_slice":4,"minecraft:chainmail_boots":1,"minecraft:gray_bed":1,"minecraft:cooked_rabbit":2,"minecraft:chainmail_leggings":1},"minecraft:crafted":{"minecraft:oak_planks":40,"minecraft:wooden_pickaxe":1,"minecraft:stone_axe":1,"minecraft:stick":4,"minecraft:stone_pickaxe":1,"minecraft:wooden_axe":1,"minecraft:chest":1,"minecraft:stone_sword":1},"minecraft:picked_up":{"biomesoplenty:redwood_log":23,"minecraft:charcoal":4,"minecraft:crafting_table":3,"minecraft:chainmail_boots":3,"minecraft:splash_potion":2,"minecraft:andesite":12,"minecraft:leather":7,"minecraft:oak_log":64,"minecraft:chainmail_chestplate":4,"minecraft:brewing_stand":2,"minecraft:cobblestone_wall":2,"minecraft:string":51,"minecraft:lantern":3,"minecraft:sticky_piston":4,"minecraft:armor_stand":6,"minecraft:red_carpet":2,"minecraft:wheat_seeds":2,"minecraft:comparator":2,"minecraft:iron_ingot":4,"minecraft:beef":10,"minecraft:cobblestone_slab":6,"minecraft:gray_bed":2,"minecraft:chest":2,"minecraft:oak_planks":1,"ecologics:crab_claw":2,"minecraft:book":15,"minecraft:oak_slab":4,"minecraft:stick":13,"minecraft:raw_iron":4,"ecologics:coconut_slice":6,"minecraft:torch":5,"ecologics:coconut_husk":4,"minecraft:blast_furnace":2,"minecraft:redstone":7,"minecraft:spruce_door":4,"minecraft:mossy_cobblestone":20,"minecraft:polished_andesite":3,"minecraft:stone_sword":1,"minecraft:slime_ball":3,"minecraft:diamond":2,"minecraft:chainmail_leggings":4,"ecologics:coconut_log":22,"minecraft:golden_apple":1,"minecraft:emerald":1,"minecraft:gold_ingot":2,"minecraft:chainmail_helmet":4,"biomesoplenty:redwood_sapling":18,"minecraft:oak_sapling":21,"minecraft:coal":6,"minecraft:mutton":10,"minecraft:iron_bars":2,"minecraft:white_wool":9,"minecraft:cobblestone":13},"minecraft:mined":{"minecraft:piston_head":4,"minecraft:oak_slab":1,"minecraft:red_carpet":2,"minecraft:comparator":2,"minecraft:mossy_cobblestone":10,"minecraft:spruce_door":1,"minecraft:brewing_stand":1,"minecraft:crafting_table":3,"minecraft:blast_furnace":1,"minecraft:gray_stained_glass":1,"minecraft:chest":2,"minecraft:redstone_wire":7,"minecraft:campfire":1,"minecraft:cobblestone":13,"minecraft:wall_torch":5,"minecraft:large_fern":1,"minecraft:cobblestone_wall":2,"minecraft:iron_ore":1,"minecraft:gray_bed":1,"minecraft:andesite":4,"treechop:chopped_log":6,"minecraft:grass":3,"minecraft:bookshelf":5,"biomesoplenty:clover":1,"minecraft:oak_log":7,"minecraft:cobblestone_slab":2,"minecraft:iron_bars":1,"minecraft:lantern":2,"minecraft:cobweb":51,"minecraft:polished_andesite":1,"minecraft:white_wool":5,"minecraft:fern":1}},"DataVersion":3465}